degree,level,nu,dofs,errorStandard,errorStress
3,0,0.3,1010,0.008674290886443727,0.009950830423803259
3,1,0.3,3938,0.0011402515731925803,0.0013443378731830505
