degree,dofs,level,nu,E,gamma,errorDisplacement,errorPressure
2,258,0,0.5,1.0,1000.0,0.3902217978392649,0.20646786475491757
2,962,1,0.5,1.0,1000.0,0.18413944664375448,0.15700836635369342
2,3714,2,0.5,1.0,1000.0,0.08977897631360095,0.1542553025555784
