degree,dofs,level,nu,E,gamma,errorDisplacement,errorPressure
2,258,0,0.5,1.0,1000.0,0.3902217978392751,0.20646786475484824
2,962,1,0.5,1.0,1000.0,0.18413944664375453,0.15700836635369367
2,3714,2,0.5,1.0,1000.0,0.08977897631360067,0.15425530255557646
